{
    "model_name": "all_model",
    "model_path": "runs/all_model_cbam_euclidean_20250225_162334/best_model_val_acc_0.9478.pth",
    "timestamp": "20250225_191501",
    "configs": [
        {
            "config": {
                "n_way": 5,
                "n_support": 5,
                "n_query": 15
            },
            "metrics": {
                "loss": 0.8571710956096649,
                "accuracy": 0.922266685962677,
                "recall": 0.922266666543698,
                "f1": 0.9222666615436989
            }
        },
        {
            "config": {
                "n_way": 5,
                "n_support": 8,
                "n_query": 15
            },
            "metrics": {
                "loss": 0.8617713695764542,
                "accuracy": 0.9234666860103607,
                "recall": 0.9234666665435376,
                "f1": 0.9234666615435383
            }
        },
        {
            "config": {
                "n_way": 8,
                "n_support": 5,
                "n_query": 15
            },
            "metrics": {
                "loss": 1.219445447921753,
                "accuracy": 0.8820000422000885,
                "recall": 0.8791999998827729,
                "f1": 0.8813104401324213
            }
        },
        {
            "config": {
                "n_way": 8,
                "n_support": 8,
                "n_query": 15
            },
            "metrics": {
                "loss": 1.2190653586387634,
                "accuracy": 0.8779167109727859,
                "recall": 0.8775999998829862,
                "f1": 0.8766544002502994
            }
        }
    ]
}