{
    "model_name": "all_model",
    "model_path": "runs/all_model_cnn1d_euclidean_20250224_181335/best_model_val_acc_0.8694.pth",
    "timestamp": "20250224_221124",
    "configs": [
        {
            "config": {
                "n_way": 5,
                "n_support": 5,
                "n_query": 15
            },
            "metrics": {
                "loss": 0.9699529886245728,
                "accuracy": 0.8598666858673095,
                "recall": 0.8598666665520175,
                "f1": 0.8598666615520182
            }
        },
        {
            "config": {
                "n_way": 5,
                "n_support": 8,
                "n_query": 15
            },
            "metrics": {
                "loss": 0.9640250492095948,
                "accuracy": 0.8721333545446396,
                "recall": 0.8721333332170482,
                "f1": 0.8721333282170491
            }
        },
        {
            "config": {
                "n_way": 8,
                "n_support": 5,
                "n_query": 15
            },
            "metrics": {
                "loss": 1.3626484549045563,
                "accuracy": 0.7685000431537629,
                "recall": 0.7811999998958399,
                "f1": 0.7752165971458518
            }
        },
        {
            "config": {
                "n_way": 8,
                "n_support": 8,
                "n_query": 15
            },
            "metrics": {
                "loss": 1.3568773579597473,
                "accuracy": 0.7785000437498093,
                "recall": 0.7755999998965862,
                "f1": 0.7764585075152496
            }
        }
    ]
}