{
    "model_path": "/root/hxq/motor_dl/runs/source_domain_all_model_enhanced_cnn1d_euclidean_20250303_053635/best_model_val_acc_0.9556.pth",
    "target_data": "data/h5data/remaining_data.h5",
    "model_params": {
        "in_channels": 5,
        "hidden_dim": 64,
        "feature_dim": 128,
        "backbone": "enhanced_cnn1d",
        "distance_type": "euclidean",
        "model_name": "protonet",
        "model": "all_model"
    },
    "configs": [
        {
            "n_way": 4,
            "n_support": 1,
            "n_query": 35,
            "loss": 1.0599966049194336,
            "accuracy": 0.7188571524620057,
            "recall": 0.718857142844306,
            "f1": 0.7188571378443062
        },
        {
            "n_way": 4,
            "n_support": 5,
            "n_query": 35,
            "loss": 1.0321612405776976,
            "accuracy": 0.7510714316368103,
            "recall": 0.7510714285580166,
            "f1": 0.7510714235580166
        },
        {
            "n_way": 4,
            "n_support": 10,
            "n_query": 35,
            "loss": 1.0310525131225585,
            "accuracy": 0.7648571443557739,
            "recall": 0.7648571428434846,
            "f1": 0.7648571378434845
        },
        {
            "n_way": 4,
            "n_support": 20,
            "n_query": 35,
            "loss": 1.0281693840026855,
            "accuracy": 0.7608571457862854,
            "recall": 0.7608571428435562,
            "f1": 0.760857137843556
        }
    ]
}