{
    "model_path": "/root/hxq/motor_dl/hxq/motor_dl/runs/source_domain_all_model_enhanced_cnn1d_euclidean_pretrained_encoder_frozen_20250303_113354/best_model_val_acc_0.9330.pth",
    "target_data": "data/h5data/remaining_data.h5",
    "model_params": {
        "in_channels": 5,
        "hidden_dim": 64,
        "feature_dim": 64,
        "backbone": "enhanced_cnn1d",
        "distance_type": "euclidean",
        "model_name": "protonet",
        "model": "all_model"
    },
    "configs": [
        {
            "n_way": 4,
            "n_support": 1,
            "n_query": 35,
            "loss": 1.034241795539856,
            "accuracy": 0.7088571429252625,
            "recall": 0.7088571428444846,
            "f1": 0.7088571378444847
        },
        {
            "n_way": 4,
            "n_support": 5,
            "n_query": 35,
            "loss": 1.0143915605545044,
            "accuracy": 0.7409285807609558,
            "recall": 0.7409285714153405,
            "f1": 0.7409285664153406
        },
        {
            "n_way": 4,
            "n_support": 10,
            "n_query": 35,
            "loss": 1.011455888748169,
            "accuracy": 0.7415000057220459,
            "recall": 0.741499999986759,
            "f1": 0.741499994986759
        },
        {
            "n_way": 4,
            "n_support": 20,
            "n_query": 35,
            "loss": 1.010464301109314,
            "accuracy": 0.7437142848968505,
            "recall": 0.7437142857010051,
            "f1": 0.7437142807010052
        }
    ]
}