{
    "model_path": "/root/hxq/motor_dl/runs/source_domain_all_model_enhanced_cnn1d_euclidean_20250303_053635/best_model_val_acc_0.9330.pth",
    "target_data": "data/h5data/remaining_data.h5",
    "model_params": {
        "in_channels": 5,
        "hidden_dim": 64,
        "feature_dim": 128,
        "backbone": "enhanced_cnn1d",
        "distance_type": "euclidean",
        "model_name": "protonet",
        "model": "all_model"
    },
    "configs": [
        {
            "n_way": 4,
            "n_support": 1,
            "n_query": 35,
            "loss": 1.06760009765625,
            "accuracy": 0.7125000071525573,
            "recall": 0.7124999999872768,
            "f1": 0.7124999949872768
        },
        {
            "n_way": 4,
            "n_support": 5,
            "n_query": 35,
            "loss": 1.0402627658843995,
            "accuracy": 0.7118571448326111,
            "recall": 0.7118571428444311,
            "f1": 0.7118571378444313
        },
        {
            "n_way": 4,
            "n_support": 10,
            "n_query": 35,
            "loss": 1.0385505914688111,
            "accuracy": 0.7218571448326111,
            "recall": 0.7218571428442526,
            "f1": 0.7218571378442526
        },
        {
            "n_way": 4,
            "n_support": 20,
            "n_query": 35,
            "loss": 1.0361836099624633,
            "accuracy": 0.7310714316368103,
            "recall": 0.7310714285583737,
            "f1": 0.7310714235583738
        }
    ]
}