{
    "model_path": "/root/hxq/motor_dl/runs/source_domain_all_model_enhanced_cnn1d_cosine_20250303_124207/best_model_val_acc_0.9338.pth",
    "target_data": "data/h5data/remaining_data.h5",
    "model_params": {
        "in_channels": 5,
        "hidden_dim": 16,
        "feature_dim": 128,
        "backbone": "enhanced_cnn1d",
        "distance_type": "cosine",
        "model_name": "protonet",
        "model": "all_model"
    },
    "configs": [
        {
            "n_way": 4,
            "n_support": 1,
            "n_query": 35,
            "loss": 1.1554912805557251,
            "accuracy": 0.7112857174873352,
            "recall": 0.7112857142730126,
            "f1": 0.7112857092730129
        },
        {
            "n_way": 4,
            "n_support": 5,
            "n_query": 35,
            "loss": 1.1384027767181397,
            "accuracy": 0.7232142877578736,
            "recall": 0.7232142857013713,
            "f1": 0.7232142807013713
        },
        {
            "n_way": 4,
            "n_support": 10,
            "n_query": 35,
            "loss": 1.136491870880127,
            "accuracy": 0.7326428580284119,
            "recall": 0.7326428571297744,
            "f1": 0.7326428521297743
        },
        {
            "n_way": 4,
            "n_support": 20,
            "n_query": 35,
            "loss": 1.1349716806411743,
            "accuracy": 0.7405714201927185,
            "recall": 0.740571428558204,
            "f1": 0.740571423558204
        }
    ]
}