{
    "model_path": "/root/hxq/motor_dl/runs/source_domain_all_model_enhanced_cnn1d_euclidean_20250303_123454/best_model_val_acc_0.9433.pth",
    "target_data": "data/h5data/remaining_data.h5",
    "model_params": {
        "in_channels": 5,
        "hidden_dim": 32,
        "feature_dim": 64,
        "backbone": "enhanced_cnn1d",
        "distance_type": "euclidean",
        "model_name": "protonet",
        "model": "all_model"
    },
    "configs": [
        {
            "n_way": 4,
            "n_support": 1,
            "n_query": 35,
            "loss": 1.0781492280960083,
            "accuracy": 0.6652142906188965,
            "recall": 0.6652142857024068,
            "f1": 0.6652142807024071
        },
        {
            "n_way": 4,
            "n_support": 5,
            "n_query": 35,
            "loss": 1.0589455080032348,
            "accuracy": 0.7272142910957337,
            "recall": 0.7272142857012999,
            "f1": 0.7272142807013
        },
        {
            "n_way": 4,
            "n_support": 10,
            "n_query": 35,
            "loss": 1.057548303604126,
            "accuracy": 0.7398571491241455,
            "recall": 0.739857142843931,
            "f1": 0.7398571378439308
        },
        {
            "n_way": 4,
            "n_support": 20,
            "n_query": 35,
            "loss": 1.0563819932937621,
            "accuracy": 0.7540714311599731,
            "recall": 0.7540714285579629,
            "f1": 0.7540714235579631
        }
    ]
}