{
    "model_path": "/root/hxq/motor_dl/runs/source_domain_all_model_enhanced_cnn1d_euclidean_20250303_053635/best_model_val_acc_0.9887.pth",
    "target_data": "data/h5data/remaining_data.h5",
    "model_params": {
        "in_channels": 5,
        "hidden_dim": 64,
        "feature_dim": 128,
        "backbone": "enhanced_cnn1d",
        "distance_type": "euclidean",
        "model_name": "protonet",
        "model": "all_model"
    },
    "configs": [
        {
            "n_way": 4,
            "n_support": 1,
            "n_query": 35,
            "loss": 1.1104663610458374,
            "accuracy": 0.6085714364051819,
            "recall": 0.6085714285605611,
            "f1": 0.6085714235605613
        },
        {
            "n_way": 4,
            "n_support": 5,
            "n_query": 35,
            "loss": 1.0824218320846557,
            "accuracy": 0.7332857155799866,
            "recall": 0.7332857142726198,
            "f1": 0.7332857092726199
        },
        {
            "n_way": 4,
            "n_support": 10,
            "n_query": 35,
            "loss": 1.0801435899734497,
            "accuracy": 0.7523571419715881,
            "recall": 0.7523571428437079,
            "f1": 0.7523571378437082
        },
        {
            "n_way": 4,
            "n_support": 20,
            "n_query": 35,
            "loss": 1.0760603666305542,
            "accuracy": 0.7733571457862854,
            "recall": 0.7733571428433328,
            "f1": 0.7733571378433328
        }
    ]
}