{
    "model_path": "/root/hxq/motor_dl/runs/source_domain_all_model_enhanced_cnn1d_euclidean_20250303_131318/best_model_val_acc_0.9627.pth",
    "target_data": "data/h5data/remaining_data.h5",
    "model_params": {
        "in_channels": 5,
        "hidden_dim": 32,
        "feature_dim": 256,
        "backbone": "enhanced_cnn1d",
        "distance_type": "euclidean",
        "model_name": "protonet",
        "model": "all_model"
    },
    "configs": [
        {
            "n_way": 4,
            "n_support": 1,
            "n_query": 35,
            "loss": 1.0720561408996583,
            "accuracy": 0.6600000023841858,
            "recall": 0.6599999999882143,
            "f1": 0.6599999949882145
        },
        {
            "n_way": 4,
            "n_support": 5,
            "n_query": 35,
            "loss": 1.0552795076370238,
            "accuracy": 0.7164285755157471,
            "recall": 0.7164285714157781,
            "f1": 0.7164285664157781
        },
        {
            "n_way": 4,
            "n_support": 10,
            "n_query": 35,
            "loss": 1.0507248067855834,
            "accuracy": 0.7451428604125977,
            "recall": 0.745142857129551,
            "f1": 0.745142852129551
        },
        {
            "n_way": 4,
            "n_support": 20,
            "n_query": 35,
            "loss": 1.0511193656921387,
            "accuracy": 0.756357147693634,
            "recall": 0.7563571428436365,
            "f1": 0.7563571378436363
        }
    ]
}