{
    "model_path": "runs\\all_model_cnn1d_cosine_20250224_153348\\best_model_val_acc_0.8632.pth",
    "target_data": "data/h5data/remaining_data.h5",
    "model_params": {
        "in_channels": 5,
        "hidden_dim": 64,
        "feature_dim": 128,
        "backbone": "cnn1d",
        "distance_type": "cosine",
        "model_name": "protonet",
        "model": "all_model"
    },
    "configs": [
        {
            "n_way": 4,
            "n_support": 5,
            "n_query": 15,
            "loss": 0.9186066113985502,
            "accuracy": 0.8230769221599286,
            "recall": 0.8230769230584737,
            "f1": 0.8230769180584735
        },
        {
            "n_way": 4,
            "n_support": 8,
            "n_query": 15,
            "loss": 0.9168748397093552,
            "accuracy": 0.8214743595856887,
            "recall": 0.8214743589558761,
            "f1": 0.8214743539558763
        }
    ]
}