{
    "model_path": "runs\\all_model_cnn1d_cosine_20250224_153348\\best_model_val_acc_0.8632.pth",
    "target_data": "data/h5data/remaining_data.h5",
    "model_params": {
        "in_channels": 5,
        "hidden_dim": 64,
        "feature_dim": 128,
        "backbone": "cnn1d",
        "distance_type": "cosine",
        "model_name": "protonet",
        "model": "all_model"
    },
    "configs": [
        {
            "n_way": 4,
            "n_support": 1,
            "n_query": 5,
            "loss": 0.9302091415111835,
            "accuracy": 0.7769230741720933,
            "recall": 0.776923076871274,
            "f1": 0.7769230718712741
        },
        {
            "n_way": 4,
            "n_support": 5,
            "n_query": 5,
            "loss": 0.9187931693517245,
            "accuracy": 0.8062499944980328,
            "recall": 0.8062499999453425,
            "f1": 0.8062499949453427
        }
    ]
}