{
    "model_path": "/root/hxq/motor_dl/runs/source_domain_all_model_enhanced_cnn1d_euclidean_20250303_123550/best_model_val_acc_0.9749.pth",
    "target_data": "data/h5data/remaining_data.h5",
    "model_params": {
        "in_channels": 5,
        "hidden_dim": 16,
        "feature_dim": 128,
        "backbone": "enhanced_cnn1d",
        "distance_type": "euclidean",
        "model_name": "protonet",
        "model": "all_model"
    },
    "configs": [
        {
            "n_way": 4,
            "n_support": 1,
            "n_query": 35,
            "loss": 1.043478775024414,
            "accuracy": 0.7032857179641724,
            "recall": 0.7032857142731556,
            "f1": 0.7032857092731555
        },
        {
            "n_way": 4,
            "n_support": 5,
            "n_query": 35,
            "loss": 1.0177557420730592,
            "accuracy": 0.789071433544159,
            "recall": 0.7890714285573379,
            "f1": 0.7890714235573378
        },
        {
            "n_way": 4,
            "n_support": 10,
            "n_query": 35,
            "loss": 1.0170237684249879,
            "accuracy": 0.8060714387893677,
            "recall": 0.8060714285570343,
            "f1": 0.8060714235570348
        },
        {
            "n_way": 4,
            "n_support": 20,
            "n_query": 35,
            "loss": 1.0135370445251466,
            "accuracy": 0.8151428604125976,
            "recall": 0.815142857128301,
            "f1": 0.8151428521283012
        }
    ]
}